word1,word2,jaccard_coef
lambda,nat,0.001594433975938542
exception,lambda,0.00015408320493066256
