word1,word2,jaccard_coef
helm,kubernetes,0.032520325203252036
crud,model,0.0027739251040221915
crud,lambda,0.0011507479861910242
nosql,ssd,0.00040241448692152917
crud,nosql,0.00018358729575913347
