word1,word2,jaccard_coef
bug,issue,8.285004142502072e-05
issue,rfc,1.8266174697694808e-05
