word1,word2,jaccard_coef
langchain,model,0.0002495944090852365
lambda,model,7.692307692307693e-05
