word1,word2,jaccard_coef
gcp,ssd,0.004694835680751174
steam,wine,0.00010561892691170258
email,steam,5.374032674118659e-05
