word1,word2,jaccard_coef
langchain,model,0.0005092514004413513
gcp,langchain,0.0001755926251097454
lambda,langchain,0.00017537706068046299
langchain,sqlalchemy,0.00017476406850751484
issue,langchain,0.00017470300489168413
langchain,tool,0.00014359563469270534
