word1,word2,jaccard_coef
gcp,langchain,6.246096189881324e-05
gcp,kubernetes,5.642067253441661e-05
