word1,word2,jaccard_coef
mount,ssd,5.3443069769927584e-05
solidity,ssd,1.3371844244758237e-05
ssd,tool,1.3363088477008806e-05
