word1,word2,jaccard_coef
ami,isucon,0.000575793635561015
isucon,model,0.0005317734645041213
gcp,isucon,7.696451935657662e-05
isucon,prometheus,3.8686216101203144e-05
