word1,word2,jaccard_coef
crud,rfc,0.00030637254901960784
crud,model,0.00028922631959508316
model,rfc,0.00026219192448872575
