word1,word2,jaccard_coef
lambda,nat,0.001579778830963665
oracle,ssd,0.0010256410256410256
