word1,word2,jaccard_coef
coroutine,debug,0.0037735849056603774
lambda,promise,0.001184834123222749
lambda,nosql,0.0011312217194570137
